name,latitude,longitude
Datam SF LLC dba Anzu To You,37.805885350100986,-122.41594524663745
Casita Vegana,37.72188970870838,-122.4925212449949
MOMO INNOVATION LLC,37.792870749741496,-122.4007474940767
MOMO INNOVATION LLC,37.792948952834664,-122.39809861316652
Treats by the Bay LLC,37.78924953407508,-122.40241859729358
MOMO INNOVATION LLC,37.7865580501799,-122.40103337534973
Treats by the Bay LLC,37.78561008636915,-122.40815476434545
MOMO INNOVATION LLC,37.79092150726921,-122.4001004237385
The Chef Station,37.7758255197583,-122.41724962664345
Treats by the Bay LLC,37.76831005955339,-122.4274165153556
MOMO INNOVATION LLC,37.78844615690132,-122.3986412420388
Treats by the Bay LLC,37.78680165059711,-122.39787163500326
El Calamar Perubian Food Truck,37.788457028828915,-122.3998841605663
BH & MT LLC,37.764459521442355,-122.42516137635808
"BOWL'D ACAI, LLC.",37.78021548028814,-122.41602577015111
BH & MT LLC,37.77529014231951,-122.4407311621107
"The New York Frankfurter Co. of CA, Inc. DBA: Annie's Hot Dogs",37.785469746489916,-122.40661576107294
"The New York Frankfurter Co. of CA, Inc. DBA: Annie's Hot Dogs",37.786856111883054,-122.40689189299718
BH & MT LLC,37.775774368410254,-122.43733160784082
"BOWL'D ACAI, LLC.",37.79236678688307,-122.40014830676716
BH & MT LLC,37.783922070111466,-122.44672163317198
"The New York Frankfurter Co. of CA, Inc. DBA: Annie's Hot Dogs",37.78511092044776,-122.40742266827704
BH & MT LLC,0,0
"BOWL'D ACAI, LLC.",37.79357693326183,-122.40322987670133
BH & MT LLC,37.768320249510616,-122.42711064395493
BH & MT LLC,37.755030726766726,-122.38453073422282
The Geez Freeze,37.76201920035647,-122.42730642251331
BH & MT LLC,37.7666247727157,-122.42951117634738
"BOWL'D ACAI, LLC.",37.80457786909011,-122.43301077434302
Buenafe,37.73944545286909,-122.39301498669842
Zuri Food Facilities,37.792150548481686,-122.39399997405945
May Catering,37.75995142942794,-122.41404968022418
Quan Catering,37.744178447375724,-122.38671592975922
Liang Bai Ping,0,0
Reecees Soulicious,37.74530890865633,-122.40342005999852
Mini Mobile Food Catering,37.79018557063344,-122.39547172580944
Got Snacks,37.77551013804947,-122.39099930600248
CC Acquisition LLC,37.790406719940485,-122.39927588608576
May Catering,37.72400910654023,-122.3929867825778
DO UC US Mobile Catering,37.763864032383225,-122.4583917498439
Scotch Bonnet,37.790149073725544,-122.39865818460403
May Catering,37.77203911352496,-122.39597463158631
Cochinita,37.78623677446536,-122.38906620560476
Mike's Catering,37.755030726766726,-122.38453073422282
Liang Bai Ping,37.72673391124156,-122.37897200523552
"Bay Area Mobile Catering, Inc. dba. Taqueria Angelica's",37.74925585952909,-122.39097537957679
Park's Catering,37.74322468386162,-122.38534297342117
Buenafe,37.76612469442701,-122.39547306227007
"San Francisco Carts & Concessions, Inc. DBA Stanley's Steamers Hot Dogs",37.78891014957045,-122.40719603412224
Papalote Inc.,37.78798864899528,-122.39610066847152
"San Francisco Carts & Concessions, Inc. DBA Stanley's Steamers Hot Dogs",37.787242602596706,-122.40687973821338
DO UC US Mobile Catering,37.74837582577795,-122.40320062649582
"Bay Area Mobile Catering, Inc. dba. Taqueria Angelica's",37.77522830783405,-122.41746613186956
Buenafe,37.74574924062031,-122.3924814876784
Fillmore Square,37.782391510187836,-122.43111456170246
Senor Sisig,37.78561008636915,-122.40815476434545
La Jefa,37.738726803987134,-122.40673602990493
Fillmore Square,37.78127594842663,-122.43184035948617
Senor Sisig,37.787514060738104,-122.39956633142907
Think is Good Inc.,37.793262206923096,-122.4017890913628
Senor Sisig,0,0
Think is Good Inc.,37.78886471534304,-122.39935935136297
CARDONA'S FOOD TRUCK,37.766897602559155,-122.42032247306807
CARDONA'S FOOD TRUCK,37.767817181414145,-122.42057533514163
Fillmore Square,37.78085752242169,-122.43305677044793
Think is Good Inc.,37.79264071673365,-122.39897033211076
Senor Sisig,37.792948952834664,-122.39809861316652
Fillmore Square,37.78127594842663,-122.43184035948617
Senor Sisig,37.799260113502285,-122.39961794865545
California Kahve,37.76360804110198,-122.50959579624613
Senor Sisig,37.78215364099855,-122.40660110683912
Senor Sisig,37.7758255197583,-122.41724962664345
Senor Sisig,37.799260113502285,-122.39961794865545
DO UC US Mobile Catering,37.76989774889607,-122.3910982796345
"Bay Area Mobile Catering, Inc. dba. Taqueria Angelica's",37.7509316476402,-122.4114199662057
"San Francisco Carts & Concessions, Inc. DBA Stanley's Steamers Hot Dogs",37.78717629174164,-122.40739807595821
DO UC US Mobile Catering,37.77089223103183,-122.3891692314827
"Bay Area Mobile Catering, Inc. dba. Taqueria Angelica's",37.771586702670334,-122.41400704302406
"San Francisco Carts & Concessions, Inc. DBA Stanley's Steamers Hot Dogs",37.7879142297241,-122.40527052309521
Papalote Inc.,37.792535988431084,-122.39459319923499
Park's Catering,37.74758627625646,-122.39886570079622
Park's Catering,37.73213495192223,-122.37539807856734
Park's Catering,37.74459119509166,-122.39307688085802
Park's Catering,37.74671130304029,-122.39215031945261
Park's Catering,37.726382932182176,-122.37843478266778
Park's Catering,37.74298987477535,-122.38677326717601
Park's Catering,37.74371347536804,-122.38596479003613
Wu Wei LLC dba MoBowl,37.79155786415492,-122.39167149978557
Park's Catering,37.737726866595764,-122.37657291457295
Park's Catering,0,0
Park's Catering,37.748801377714486,-122.40055245878467
Park's Catering,37.741026207788686,-122.38779292799353
Park's Catering,37.730906150359694,-122.37330257748522
Singh Brothers Ice Cream,37.725181700728754,-122.38819268844395
"SOHOMEI, LLC",37.77655004281911,-122.44630763555782
Subs on Hubs,37.7714019465879,-122.3917716468468
San Francisco's Hometown Creamery,37.787136491086116,-122.4077185090006
"SOHOMEI, LLC",37.74854979425914,-122.41617066200786
John's Catering #5,0,0
Serendipity SF,37.79330427556103,-122.4014589984134
John's Catering #5,37.780868436568085,-122.42546772661841
John's Catering #5,37.78886471534304,-122.39935935136297
Munch A Bunch,37.77849359718518,-122.42295474739645
May Catering,37.76381127729062,-122.3912653505994
Singh Brothers Ice Cream,37.73343881164075,-122.38046754951797
Park's Catering,37.74475219161639,-122.38567924872147
Park's Catering,37.74761607223309,-122.40197697572432
Park's Catering,37.74176064966551,-122.3890979701946
Park's Catering,37.743014249631514,-122.38446024493484
Park's Catering,37.74378392338268,-122.40378882961045
Park's Catering,37.744178447375724,-122.38671592975922
Park's Catering,37.75169103572294,-122.3943742132628
Park's Catering,37.746755554477474,-122.40090627035904
Park's Catering,37.74646978811481,-122.3915152387716
Park's Catering,37.74572922168844,-122.38779765083679
Natan's Catering,37.74945832902701,-122.38508133967831
Natan's Catering,37.746470506647114,-122.38899080865444
Natan's Catering,37.747772091607466,-122.39703171897757
Natan's Catering,37.75930376638337,-122.39590223123567
San Francisco's Hometown Creamery,37.79183426305553,-122.40127961659626
Natan's Catering,37.761182994505084,-122.38811870407658
Natan's Catering,37.76746628714475,-122.39086028943053
Natan's Catering,37.74475219161639,-122.38567924872147
San Francisco's Hometown Creamery,37.79279574157871,-122.40135328093122
Natan's Catering,37.75315510671546,-122.3911741844557
Natan's Catering,37.75712456038606,-122.3885295152567
Natan's Catering,37.76200845803015,-122.38544181156826
Natan's Catering,37.76315639322651,-122.42032223152648
Natan's Catering,37.77070297609754,-122.39079035556641
Natan's Catering,37.755030726766726,-122.38453073422282
Natan's Catering,37.74459119509166,-122.39307688085802
Natan's Catering,37.75240499247832,-122.38700019629786
Natan's Catering,37.75334000118106,-122.38412838423727
Natan's Catering,37.74030387280596,-122.4060597434942
San Francisco's Hometown Creamery,37.78869699864027,-122.40747042036952
Natan's Catering,37.764447295561894,-122.397987371508
San Pancho's Tacos,37.724297778527635,-122.45937730954839
F & C Catering,37.754251708893726,-122.3893812288799
FRUITYMANIA,37.784990279306456,-122.40567662907203
Philz Coffee Truck,37.79621549659414,-122.40375455824538
Eva's Catering,37.752660520412284,-122.47547353178139
Brazuca Grill,37.76329905604463,-122.38848230680541
F & C Catering,37.75224166848031,-122.38918854258944
Plaza Garibaldy,37.792346385148,-122.40238532279395
Roadside Rotisserie Corporation / Country Grill,37.799260113502285,-122.39961794865545
Brazuca Grill,37.76150220396644,-122.38927699608101
FRUITYMANIA,37.78511092044776,-122.40742266827704
Rita's Catering,37.78069437740818,-122.40966881321906
Brazuca Grill,37.77165385136786,-122.41180906852375
El Alambre,37.76785244271805,-122.41610489253189
Eva's Catering,37.77687638877653,-122.40025957520209
El Gallo Jiro,37.753927735726535,-122.41332312961758
San Pancho's Tacos,37.71019301997575,-122.4552219061259
Brazuca Grill,37.74383117213268,-122.37779736896212
Brazuca Grill,37.758037393488074,-122.3916718906821
Brazuca Grill,37.727212173900384,-122.39963625164356
Roadside Rotisserie Corporation / Country Grill,37.780918000993,-122.39241698313292
"Chairman SF, LLC",37.78924890841371,-122.39889295934644
"Off the Grid Services, LLC",37.781264686022816,-122.3932290415377
Brazuca Grill,37.758786162305626,-122.39095839869275
Philz Coffee Truck,37.79229559981873,-122.40070689723306
Brazuca Grill,37.75084960681246,-122.3900276155014
Curry Up Now,37.78007717443923,-122.39376729448306
Bonito Poke,37.793262206923096,-122.4017890913628
"San Francisco Street Foods, Inc.",37.79464383461952,-122.39964429852886
Brazuca Grill,37.750464115522504,-122.38790832590168
"Off the Grid Services, LLC",37.77632714778992,-122.39179682107691
San Pancho's Tacos,0,0
Roadside Rotisserie Corporation / Country Grill,37.79344652781607,-122.40034367559197
Bonito Poke,37.78911920766765,-122.39588103933524
El Alambre,37.78484602775554,-122.42256813313709
John's Catering #5,37.78606252109722,-122.39217646394879
Brazuca Grill,37.7636598013494,-122.38913385740454
F & C Catering,37.753717416902134,-122.38835902104361
Brazuca Grill,37.761852397504114,-122.38993209325044
Zuri Food Facilities,37.783046099749996,-122.39406659922962
Philz Coffee Truck,37.80457786909011,-122.43301077434302
Brazuca Grill,37.75701552445967,-122.39406294711628
El Alambre,37.785271949066775,-122.42260358516438
Street Meet,37.779159119969,-122.4158078824267
Faith Sandwich,37.78886471534304,-122.39935935136297
Brazuca Grill,37.764052089924235,-122.39014439398791
Brazuca Grill,37.75023688477907,-122.39781803171861
"Off the Grid Services, LLC",37.77632714778992,-122.39179682107691
Eva's Catering,37.78350912221273,-122.49007120809986
Brazuca Grill,37.75126940587811,-122.38989436694435
Truly Food & More,37.79238986198323,-122.40126969523558
"SOHOMEI, LLC",37.77915720534109,-122.41161543051868
John's Catering #5,37.77249677780673,-122.41420984516701
"SOHOMEI, LLC",37.795105560981405,-122.40087663372626
Singh Brothers Ice Cream,37.725450702172296,-122.39199164141809
SPUNBYSS,37.78594032017338,-122.39779993385848
Singh Brothers Ice Cream,37.7108412835853,-122.39964261496316
Singh Brothers Ice Cream,37.72943828845401,-122.37665780072307
Brazuca Grill,37.748445338837655,-122.38687903197963
Tacos El Primo,37.744889286143,-122.39097197693538
Singh Brothers Ice Cream,37.72774449070106,-122.38210737524216
"SOHOMEI, LLC",37.710003334289446,-122.47141191312888
John's Catering #5,37.78083157691187,-122.41994286468194
Singh Brothers Ice Cream,37.71699129032396,-122.38959908416973
"SOHOMEI, LLC",37.78982691876333,-122.42112628905566
Munch India,37.79330427556103,-122.4014589984134
Singh Brothers Ice Cream,37.718939819095944,-122.39051787206593
John's Catering #5,37.78911920766765,-122.39588103933524
Singh Brothers Ice Cream,37.72044936265937,-122.39591501423702
John's Catering #5,37.778918589893365,-122.44674879681519
Tacos El Primo,37.72593049503994,-122.38921555942115
The Huge Hotdog Concession,37.788877117266644,-122.42009102003807
Julie's Hot Dogs,37.76735502136977,-122.42051791382852
"Santana ESG, Inc.",37.790485146128,-122.40094044068951
May Catering,37.7365721824187,-122.37820966720166
Singh Brothers Ice Cream,37.72279368875932,-122.39171966647248
John's Catering #5,37.76372721363287,-122.40933414878978
Tres Agaves Mexican Kitchen & Tequila Lounge LLC. dba Tres Truck,37.76621745067997,-122.40395278412095
May Catering,37.77064539839084,-122.3934769371996
Munch A Bunch,37.77638142599361,-122.40693405162592
John's Catering #5,37.76798459486447,-122.41395382252182
Julie's Hot Dogs,37.76317461963382,-122.41900951477052
Marengo,37.7386499426562,-122.40618611429521
Subs on Hubs,37.77497549982167,-122.40938582319421
Tres Agaves Mexican Kitchen & Tequila Lounge LLC. dba Tres Truck,37.76545973746822,-122.40213637617893
Singh Brothers Ice Cream,37.710451691867526,-122.39614907899559
Eli's Hot Dogs,37.746948295513135,-122.40339096031298
Munch A Bunch,0,0
Singh Brothers Ice Cream,37.72867144281792,-122.38186508864092
John's Catering #5,37.78956931389663,-122.39512939052092
"SOHOMEI, LLC",37.760957168278544,-122.42182419935827
Munch A Bunch,37.770818229999286,-122.41400729759701
John's Catering #5,37.77812837973375,-122.41865212999701
SF Cart Project,37.769124412168054,-122.39147491124585
"Santana ESG, Inc.",0,0
John's Catering #5,37.765106463190754,-122.38967948729044
Munch A Bunch,37.763864032383225,-122.4583917498439
"SOHOMEI, LLC",37.780723147544364,-122.44778964047842
El Tonayense #60,0,0
Munch A Bunch,0,0
Munch A Bunch,37.788527575313175,-122.41831368572115
"SOHOMEI, LLC",37.74569302612038,-122.39071458482128
Singh Brothers Ice Cream,37.72716806878196,-122.39002914870102
CC Acquisition LLC,37.793213731663414,-122.39704303671823
May Catering,37.763870760166135,-122.46060056387866
John's Catering #5,37.759796271722685,-122.40957342162403
Ruru Juice LLC,37.78767164448786,-122.39976292583923
Wonder Philly,37.77433766636957,-122.39405328631256
Subs on Hubs,37.7711790005481,-122.40657367342877
Singh Brothers Ice Cream,37.720174722649276,-122.38940711434189
Julie's Hot Dogs,37.75924028515023,-122.4185441711166
"SOHOMEI, LLC",0,0
"Kabob Trolley, LLC",37.77764220851001,-122.39341814593186
May Catering,37.71878807902009,-122.39810598775011
"Kabob Trolley, LLC",37.77833025576586,-122.41151586526772
Tacos El Primo,37.72980548057414,-122.39924710472444
Singh Brothers Ice Cream,37.730374237862826,-122.38186187865688
CC Acquisition LLC,37.763858081360304,-122.4220826209929
Quick Grub,37.79092150726921,-122.4001004237385
Munch A Bunch,37.76521594899384,-122.40600697202919
"Santana ESG, Inc.",37.764745350719494,-122.41656213947006
John's Catering #5,37.78758750472812,-122.39047154033159
"SOHOMEI, LLC",37.782423563294664,-122.39323639939816
Munch A Bunch,37.76773409267081,-122.41015260194199
John's Catering #5,37.776626919922286,-122.39955550378664
Ruru Juice LLC,37.79034624734142,-122.4018501909886
Singh Brothers Ice Cream,37.71852204856645,-122.3966614444168
Tacos Lol-Tun,37.726594363386816,-122.39235562563125
May Catering,0,0
El Tonayense #60,37.763108325376656,-122.41345489002224
"SOHOMEI, LLC",37.74475219161639,-122.38567924872147
"SOHOMEI, LLC",37.78442073689951,-122.41840535178247
"SOHOMEI, LLC",37.75461495148918,-122.39038813202004
"SOHOMEI, LLC",37.788457028828915,-122.3998841605663
Singh Brothers Ice Cream,37.72672797825706,-122.38865842883155
Singh Brothers Ice Cream,37.71644300214742,-122.38993787932108
"SOHOMEI, LLC",0,0
Singh Brothers Ice Cream,37.73935716086751,-122.39152281175875
John's Catering #5,37.79226163417749,-122.4034859553914
"SOHOMEI, LLC",37.75563700983233,-122.40510193037899
Singh Brothers Ice Cream,37.726708272962156,-122.38362491720036
Subs on Hubs,37.77871039190089,-122.4018393503297
John's Catering #5,37.773915065679844,-122.42002629150363
"SOHOMEI, LLC",37.78159674576022,-122.43485778844028
John's Catering #5,37.76876525095856,-122.41690220595329
Munch A Bunch,37.767347670704055,-122.42047663908131
El Tonayanse #4 / #36,0,0
Singh Brothers Ice Cream,37.71920021771331,-122.39597673109593
"SOHOMEI, LLC",37.76830699279999,-122.41200033609215
Roadside Rotisserie Corporation / Country Grill,37.788778723377995,-122.40257456841074
Brazuca Grill,37.805049509058854,-122.41433443693992
"Off the Grid Services, LLC",37.799260113502285,-122.39961794865545
Wu Wei LLC dba MoBowl,37.80022091559222,-122.39956901857713
"Chairman SF, LLC",37.78168897534514,-122.39106181728661
Brazuca Grill,37.76354048392964,-122.39009664366294
Brazuca Grill,37.723979903892854,-122.39590345491315
"Off the Grid Services, LLC",37.77751326467553,-122.3970441344819
"San Francisco Street Foods, Inc.",37.78939197610272,-122.4018247471207
Truly Food & More,37.78798864899528,-122.39610066847152
Flavors of Africa,37.78886471534304,-122.39935935136297
Brazuca Grill,37.76420237830191,-122.39428524233958
Wu Wei LLC dba MoBowl,0,0
Philz Coffee Truck,37.789385451039095,-122.4095912604668
Street Meet,37.779159119969,-122.4158078824267
Brazuca Grill,37.72145083973351,-122.38935344507568
Brazuca Grill,37.75336082945507,-122.39304592079775
Brazuca Grill,37.74793093611294,-122.41519315390947
"Chairman SF, LLC",37.78756516537884,-122.40959283347962
Eva's Catering,37.747772091607466,-122.39703171897757
"Off the Grid Services, LLC",37.799260113502285,-122.39961794865545
El Alambre,37.76785244271805,-122.41610489253189
"Halal Cart, LLC",37.79314862698347,-122.4025671755779
Wu Wei LLC dba MoBowl,37.79612338025215,-122.39727320433803
"San Francisco Street Foods, Inc.",37.78923328289614,-122.40557905421024
F & C Catering,37.75310874987126,-122.38817020206616
Brazuca Grill,37.76890352056648,-122.41598117460148
Brazuca Grill,37.763462959906555,-122.39401294737715
Eva's Catering,37.722629217598346,-122.39006184632663
Curry Up Now,37.79691371248354,-122.39665067526364
Brazuca Grill,37.757917056690076,-122.39547585248978
Philz Coffee Truck,37.79279574157871,-122.40135328093122
Treats by the Bay LLC,37.793871507150634,-122.39486523862108
Brazuca Grill,37.770683395042624,-122.42087956139908
Truly Food & More,37.78797328321604,-122.40018504988889
Eva's Catering,37.75212416311866,-122.47587232222202
Brazuca Grill,37.751608413578936,-122.39030948950146
Eva's Catering,37.75798419052856,-122.43346578040662
Leo's Hot Dogs,37.76008693198698,-122.41880648110114
Brazuca Grill,37.75692365373408,-122.39354961053631
Flavors of Africa,37.788530010632506,-122.39514429387364
"Chairman SF, LLC",0,0
F & C Catering,0,0
Brazuca Grill,37.755030726766726,-122.38453073422282
Zuri Food Facilities,37.792346385148,-122.40238532279395
Flavors of Africa,37.78844615690132,-122.3986412420388
"Halal Cart, LLC",37.79094704192342,-122.39863358940373
F & C Catering,0,0
F & C Catering,37.75338080997486,-122.38636768585714
Zuri Food Facilities,0,0
Brazuca Grill,37.74944293760035,-122.38798553250403
Brazuca Grill,37.7758255197583,-122.41724962664345
Bonito Poke,37.76624504710292,-122.38735628651092
"San Francisco Street Foods, Inc.",37.794331003246846,-122.39581105302317
"Halal Cart, LLC",37.793871507150634,-122.39486523862108
Curry Up Now,37.79694900602121,-122.40218343189426
Brazuca Grill,37.78186711757412,-122.42988524760261
F & C Catering,37.755534471603866,-122.39392527753924
Brazuca Grill,37.7813800275549,-122.42314384550635
Faith Sandwich,37.79210933860902,-122.39580386550163
Brazuca Grill,37.75207458620838,-122.39014490082212
Curry Up Now,37.79083841945172,-122.40116037029892
Bonito Poke,37.78798864899528,-122.39610066847152
Eva's Catering,37.77609875315735,-122.40028723986815
Brazuca Grill,37.7235768564887,-122.39005910139933
Roadside Rotisserie Corporation / Country Grill,37.79092150726921,-122.4001004237385
Street Meet,37.76381127729062,-122.3912653505994
Tacos El Flaco,37.75240499247832,-122.38700019629786
Wu Wei LLC dba MoBowl,37.79691371248354,-122.39665067526364
"San Francisco Street Foods, Inc.",37.783513351245354,-122.40081339110537
Plaza Garibaldy,37.78924953407508,-122.40241859729358
Plaza Garibaldy,37.78795495968584,-122.39723654373122
"Off the Grid Services, LLC",37.78236012101754,-122.40209599456323
Brazuca Grill,37.723078757516,-122.38752570401662
Brazuca Grill,37.78072409776966,-122.40123539265836
Natan's Catering,37.748445338837655,-122.38687903197963
Natan's Catering,0,0
Natan's Catering,37.74540642941645,-122.39008122484672
San Francisco's Hometown Creamery,37.787136491086116,-122.4077185090006
Natan's Catering,37.769124412168054,-122.39147491124585
Natan's Catering,37.758303395642486,-122.39351405481675
Natan's Catering,37.7682493867935,-122.39843065021364
Natan's Catering,37.742820234675946,-122.38284735551785
San Francisco's Hometown Creamery,37.78924953407508,-122.40241859729358
Natan's Catering,37.748848056566345,-122.41261899465519
Natan's Catering,37.76743301733124,-122.39214911417167
Natan's Catering,37.76854328902419,-122.40849289243862
Natan's Catering,37.76537066931712,-122.40390784821223
Natan's Catering,37.76799554568555,-122.38754942654721
Natan's Catering,37.73314239514255,-122.41456863241858
Natan's Catering,37.73811777159187,-122.40441846721173
Natan's Catering,37.75076076946013,-122.40154029135653
Natan's Catering,37.764741322674965,-122.38712481217911
Natan's Catering,37.730003683189196,-122.4781863254146
Natan's Catering,0,0
Natan's Catering,37.778388615786554,-122.40319178322909
Paradise Catering,37.77865151450764,-122.41122956752473
Tacos Santo Toribio,37.74162368623527,-122.4015472063967
Star Taco,37.7873042488646,-122.39803725191237
Quan Catering,37.7519716288769,-122.38796548380076
tacos y pupusas los trinos,37.727566537591706,-122.4329697019889
Paradise Catering,37.77309677131092,-122.41274507720499
Scotch Bonnet,37.79142654133214,-122.40103785668795
May Catering,37.76502716388221,-122.41550777249016
Shah's Halal Food,37.79054831818324,-122.40033367367877
Kettle Corn Star,37.78539563944047,-122.40439104283043
Quan Catering,37.72878795772644,-122.39229482070176
May Catering,37.760099665489314,-122.41237599732214
Liang Bai Ping,37.72614569247294,-122.38822774090347
May Catering,37.761571848719704,-122.40944471895757
May Catering,37.76558646814734,-122.39319710116628
Ziaurehman Amini,37.794331003246846,-122.39581105302317
SF Street Food,37.78991386713444,-122.40523289252366
May Catering,0,0
Mike's Catering,37.77215224324445,-122.38774298411559
"Off the Grid Services, LLC",37.79092150726921,-122.4001004237385
"Bay Area Dots, LLC",37.80774328844553,-122.42414994486982
May Catering,37.753717416902134,-122.38835902104361
Paradise Catering,37.77110993943721,-122.3891900403279
Paradise Catering,37.77494453482052,-122.41443674475164
May Catering,0,0
Liang Bai Ping,37.72659047951941,-122.3817522114059
Golden Gate Halal Food,0,0
Mike's Catering,37.75084960681246,-122.3900276155014
Tacos Rodriguez,37.790485146128,-122.40094044068951
Golden Catering,37.73500529912839,-122.41541740974476
May Catering,37.7478431533724,-122.39457521495656
"San Francisco Carts & Concessions, Inc. DBA Stanley's Steamers Hot Dogs",37.78862121908618,-122.40806890640651
Mike's Catering,37.78107467807542,-122.39170566116685
"BOWL'D ACAI, LLC.",37.80457786909011,-122.43301077434302
Tacos El Ojo De Agua,37.780647210048365,-122.39462918166163
Tacos Santana,37.7424951959228,-122.39161759509756
Quan Catering,37.74383117213268,-122.37779736896212
Liang Bai Ping,37.725945558046504,-122.38228115325305
Mini Mobile Food Catering,37.77200865646878,-122.3990838454733
Paradise Catering,37.775725484934796,-122.41265612258891
Quan Catering,37.77444911077535,-122.40208723606301
Paradise Catering,37.77917621076684,-122.40722175847242
May Catering,37.744039098601675,-122.4250941863309
Paradise Catering,37.77765783621035,-122.42065233083324
May Catering,37.75447643410747,-122.4128553632844
May Catering,37.79088546350185,-122.39668587581058
Kid Abelha - Brazilian Hamburgers,0,0
Fruteria Serrano,37.723661279505265,-122.43594382523997
Reecees Soulicious,37.735004228951425,-122.39017246969969
May Catering,37.769087126767054,-122.41152766713242
Taqueria Lolita,37.744889286143,-122.39097197693538
Julie's Hot Dogs,37.75887999201479,-122.41937920298372
"San Francisco Carts & Concessions, Inc. DBA Stanley's Steamers Hot Dogs",0,0
"Off the Grid Services, LLC",0,0
Paradise Catering,37.776222759514205,-122.41390733044082
Liang Bai Ping,37.725181700728754,-122.38819268844395
MOMO INNOVATION LLC,37.792870749741496,-122.4007474940767
Liang Bai Ping,37.773287940470354,-122.44003231663504
Quan Catering,37.78631979828399,-122.39823507424884
Paradise Catering,37.77838535864771,-122.41138253949967
Mini Mobile Food Catering,37.772363914767254,-122.39704097036318
Paradise Catering,37.77905544246837,-122.42093519603611
Mike's Catering,37.76964003221769,-122.38623665419902
The Chai Cart,37.78788969990609,-122.40053532677749
Cochinita,37.76549698761915,-122.46459761957114
Swell Cream & Coffee,37.7412902847707,-122.49437792043544
Quan Catering,37.75023688477907,-122.39781803171861
Lerso,37.77522830783405,-122.41746613186956
Liang Bai Ping,37.72647071624597,-122.38154121915817
Mike's Catering,37.748801377714486,-122.40055245878467
Corazon Maya,37.76317461963382,-122.41900951477052
Paradise Catering,37.77974457293879,-122.40964834306061
May Catering,37.76543386848265,-122.40019820529378
May Catering,37.7598258374358,-122.40920291508344
May Catering,37.76291431161152,-122.40895116153803
Munch India,0,0
Liang Bai Ping,37.727234007495866,-122.38181551187014
Halal Cart of San Francisco,37.79314862698347,-122.4025671755779
Paradise Catering,37.78591568786929,-122.4173022846849
Mini Mobile Food Catering,37.78732241931987,-122.39222370638346
Cochinita,37.783171104343396,-122.39290104947858
Liang Bai Ping,37.72672797825706,-122.38865842883155
Breakfast Embed,37.7877332717998,-122.39566345752182
Liang Bai Ping,37.72387884083248,-122.3870108787852
Mini Mobile Food Catering,37.77013758050153,-122.41598340280362
Quan Catering,37.74449821321117,-122.39695540584154
Pipo's Grill,37.76785244271805,-122.41610489253189
Quan Catering,37.78690491945698,-122.39092026296217
Golden Gate Halal Food,37.78228077241861,-122.40953118731998
May Catering,37.74344004200515,-122.39993256957725
Mini Mobile Food Catering,37.77146721590103,-122.41287229420975
Paradise Catering,37.77738314510624,-122.40545816650115
Athena SF Gyro,37.77425926306004,-122.41948598839828
May Catering,37.74563668388077,-122.45423318865744
Izzy's Cheesesteaks,37.79344652781607,-122.40034367559197
La Jefa,37.79034624734142,-122.4018501909886
"Casey's Pizza, LLC",37.78718284771541,-122.40123480885063
Liang Bai Ping,37.726725793811774,-122.38924985802704
Liang Bai Ping,37.726125239645036,-122.38319932723887
May Catering,37.74876215147923,-122.41432682875484
Giant Burrito,37.712302604744416,-122.43164419037294
Giant Burrito,37.74171783074393,-122.40541797744821
Tacos Santana,37.73022168130492,-122.40297852668597
Paradise Catering,37.78021593850252,-122.40905748550091
May Catering,37.74953311452312,-122.413116536729
Cochinita,37.779051111573146,-122.39830388133372
Paradise Catering,37.77200984067113,-122.41246279621444
Quan Catering,37.74925585952909,-122.39097537957679
May Catering,37.749916469391025,-122.40113011221212
Scotch Bonnet,37.78948669612784,-122.40246743800449
May Catering,37.7461044517152,-122.40036183496544
Halal Food,37.79405318373291,-122.39734769332577
Golden Catering,37.71163228119493,-122.39001633363635
Mike's Catering,37.79757898806039,-122.41143988608852
"Casey's Pizza, LLC",37.792150548481686,-122.39399997405945
"Casey's Pizza, LLC",37.77604870809225,-122.42393921117214
Liang Bai Ping,37.72325986632415,-122.39117288596881
"Casey's Pizza, LLC",37.792609401119016,-122.40131490545147
Liang Bai Ping,37.7270146636245,-122.38749735902202
Mini Mobile Food Catering,0,0
May Catering,37.71083793114095,-122.39354336301274
Liang Bai Ping,37.72578913981244,-122.37897271962358
May Catering,37.77439801094025,-122.41565865581119
Liang Bai Ping,37.72531943367549,-122.3813892094274
Athena SF Gyro,37.771021999243686,-122.4035462541838
Halal Cart of San Francisco,37.791757205944414,-122.39889763689186
Golden Catering,0,0
Chilifruit,0,0
Quan Catering,0,0
Kettle Corn Star,37.783946907974226,-122.40715834498367
"San Francisco Carts & Concessions, Inc. DBA Stanley's Steamers Hot Dogs",37.787755298967475,-122.40878221396503
Quan Catering,37.76779784361899,-122.4120963188614
Tacos Santana,37.744518582664874,-122.39894084662791
Liang Bai Ping,37.72549804795053,-122.38836915044175
May Catering,37.76281495322895,-122.41321151367339
Mini Mobile Food Catering,37.748950363427056,-122.40149318970822
Liang Bai Ping,37.78814528329282,-122.39118192026297
May Catering,37.74758627625646,-122.39886570079622
Alfaro Truck,37.767855269354264,-122.42248440416165
Liang Bai Ping,37.78969136758703,-122.39659563708379
"Expresso Subito, LLC.",37.793673381504675,-122.39846350948633
May Catering,37.763690871096,-122.3904573860159
Tacos Rodriguez,37.74099473500238,-122.4011723353864
May Catering,0,0
May Catering,37.74897924115537,-122.40240923456066
May Catering,37.717779453626974,-122.39165476517934
Paradise Catering,37.78442049199288,-122.39438063910146
Mike's Catering,37.79875493640093,-122.40179879385386
May Catering,37.75671729983715,-122.38764896299311
May Catering,37.768075885952655,-122.40828959528693
Halal Cart of San Francisco,37.78988987820978,-122.39993041135052
Golden Catering,37.71717416180365,-122.39222247462405
Boulangerie La Camionnette,37.762590159713945,-122.41148385548222
"Expresso Subito, LLC.",37.793673381504675,-122.39846350948633
Let's Be Frank,37.77603906266594,-122.42417557149162
Khalid M Malik,0,0
The Chef Station,37.77336405319086,-122.43787522530337
May Catering,37.7525772700714,-122.40680641715169
Mini Mobile Food Catering,37.76855707131207,-122.40961023629804
Liang Bai Ping,37.72711043338281,-122.3882612881442
Paradise Catering,0,0
May Catering,37.76416012822032,-122.38814226212779
Scotch Bonnet,37.793262206923096,-122.4017890913628
Paradise Catering,37.77102779661401,-122.40731420131276
May Catering,37.71644300214742,-122.38993787932108
Cochinita,37.778384300969044,-122.43878238856672
Paradise Catering,37.794793001017815,-122.40386388586509
"Off the Grid Services, LLC",37.7879095795372,-122.39836076940526
Liang Bai Ping,37.72305650933894,-122.39111194064196
Liang Bai Ping,37.727086633951366,-122.38107444874923
Tacos Rodriguez,37.73911142974502,-122.38246497113636
May Catering,0,0
Mini Mobile Food Catering,0,0
Liang Bai Ping,37.72417289276133,-122.38973542901097
Liang Bai Ping,37.7262494817986,-122.38781536801433
Mini Mobile Food Catering,37.7879000978181,-122.39459403620495
Paradise Catering,0,0
Quan Catering,37.778266576694556,-122.3988359224453
May Catering,0,0
Golden Catering,37.71093379298104,-122.40278453800981
Paradise Catering,37.779463731622464,-122.40886795102314
Yummy Hot Dogs,37.78317542073363,-122.40956831554729
May Catering,37.77632714778992,-122.39179682107691
SF Street Food,37.7865580501799,-122.40103337534973
Swell Cream & Coffee,37.74255037355925,-122.49267708221483
May Catering,37.77433766636957,-122.39405328631256
May Catering,37.76668985738672,-122.3971823227805
Paradise Catering,37.77823283967358,-122.4108229895066
Quan Catering,37.79405318373291,-122.39734769332577
Paradise Catering,37.77571285897462,-122.40695037968601
May Catering,37.75924591902612,-122.38791737699125
"San Francisco Carts & Concessions, Inc. DBA Stanley's Steamers Hot Dogs",0,0
Mini Mobile Food Catering,37.787076530384326,-122.39298262422754
Mike's Catering,37.75369989994381,-122.39006834690777
Mini Mobile Food Catering,37.739378669437315,-122.38633794515339
Paradise Catering,37.77407092896163,-122.41290398690825
Taqueria Lolita,37.73944545286909,-122.39301498669842
Mike's Catering,0,0
Tacos Rodriguez,37.73967879180792,-122.38649338455488
Cochinita,37.752822368121485,-122.4055319192157
Paradise Catering,37.77423022913094,-122.402102214519
May Catering,37.76582045448316,-122.41196835791213
Liang Bai Ping,37.72695076437817,-122.3879799562619
Quan Catering,0,0
Yummy Hot Dogs,37.78283416369839,-122.408837940446
Liang Bai Ping,37.7266647697066,-122.38414422460619
Quan Catering,37.70937546400143,-122.40415437850858
Isidoro Serrano,37.756877451535736,-122.41857988947626
May Catering,37.764038182817366,-122.41375751658944
Ziaurehman Amini,37.793213731663414,-122.39704303671823
Liang Bai Ping,37.72441324329633,-122.39015723961076
Liang Bai Ping,0,0
Esmeli Catering,0,0
Liang Bai Ping,37.72439752974338,-122.39150511638297
Treats by the Bay LLC,37.769124412168054,-122.39147491124585
Authentic India,37.776736212750116,-122.41639493007732
May Catering,37.74761607223309,-122.40197697572432
Cochinita,37.778863135500174,-122.39644435935813
"Bay Area Dots, LLC",0,0
Breakfast Embed,37.772483606822554,-122.39181160681602
Liang Bai Ping,37.72648516321647,-122.38323245870731
May Catering,37.77407484105827,-122.39066845814578
Paradise Catering,37.77704787514934,-122.4070350934507
"Expresso Subito, LLC.",37.788457028828915,-122.3998841605663
El Calamar Perubian Food Truck,37.75281482922111,-122.40566264191837
La Jefa,37.79183426305553,-122.40127961659626
May Catering,37.749945285757114,-122.40042088443762
Let's Be Frank,37.776566896519526,-122.42339537672727
Mike's Catering,37.750048825970445,-122.39967205970898
Street Meet,37.787539893467496,-122.39772670915164
May Catering,37.74795496456781,-122.39579738491634
La Jefa,37.769124412168054,-122.39147491124585
Union Square Business Improvement District,0,0
May Catering,37.764452392765065,-122.41267189164454
May Catering,37.7194317184807,-122.39813950691418
Cochinita,37.77775521656862,-122.394807823179
Mike's Catering,0,0
Paradise Catering,37.77900126791777,-122.40448509035792
Paradise Catering,37.78715774417398,-122.39544760515228
Mini Mobile Food Catering,0,0
"Casey's Pizza, LLC",37.788778723377995,-122.40257456841074
Mini Mobile Food Catering,37.77369415247486,-122.40965844135582
Liang Bai Ping,37.72670967536868,-122.38529469118737
Halal Cart of San Francisco,37.793871507150634,-122.39486523862108
Liang Bai Ping,37.78813947887162,-122.39257951537353
Kid Abelha - Brazilian Hamburgers,37.74688946752009,-122.39651029019326
Mike's Catering,37.753679978967476,-122.39041453229369
May Catering,37.762476819591,-122.41181900367852
